prot,class
SQIRHYKWEVEYMFWAPNCNENIVMGINGQFPGPTIRANAGDSVVVELTNKLHTEGVVIHWHGILQRGTPWADGTASISQCAINPGETFFYNFTVDNPGTFFYHGHLGMQRSAGLYGSLIVDPPQGKKEP,--EEEEEEEEEEEEE------EEEEEE--E-----EEEE---EEEEEEEE------E-EEEE-------HHH---E---E--E----EEEEEEE----EEEEEEE----HHHH--EEEEEEE--------
TTYADFIASGRTGRRNAIHD,-HHHHHH-------------
MRRWFHPNITGVEAENLLLTRGVDGSFLARPSKSNPGDFTLSVRRNGAVTHIKIQNTGDYYDLYGGEKFATLAELVQYYMEHHGQLKEKNGDVIELKYPLN,----E-----HHHHHHHHHH-----EEEEEE-------EEEEEEE--EEEEEEEEE----EE------E--HHHHHHHHHH----EEE----EE---EE--
INTFDGVADYLQTYHKLPDNYITKSEAQALGWVASKGNLADVAPGKSIGGDIFSNREGKLPGKSGRTWREADINYTSGFRNSDRILYSSDWLVYKTTDHYQTFTKIR,---HHHHHHHHHHH------EE-HHHHHH----HHH--HHHH----EEEEEEE--------------EEEEE-----------EEEEE----EEEE-------EE--
EVEALEKKVAALESKVQALEKKVEALEHG,-HHHHHHHHHHHHHHHHHHHHHHHHH---
KCGDCHHPVNGKEDYRKCGTAGCHDSMDKKDKSAKGYYHVMHDKNTKFKSCVGCHVEVAGADAAKKKDLTGCKKSKCHE,-HHH---EE--EE------------E---------EHHHHHH--------HHHHHHHHH---HHHHHHHH---------
VYNATAGGIISKILRKEKGGYEITIVDASNERQVIDIIPRGLELLVSEGESIKLDQPLTS,--E----EEEEEEEE-----EEEEEEE----EEEEEEE-----E------EE----E-E-
AAPGKPTIAWGNTKFAIVEVDQAATAYNNLVKVKNAADVSVSWNLWNGDTGTTAKILLNGKEAWSGPSTGSSGTANFKVNKGGRYQMQVALCNADGCTASDATEIVVAD,------EE-----EEE-EEE------HHHHEEE---EEEEEEEE--------EEEEEE--EEEEEEE----EEEEEEEE---EEEEEEEEEEE--EEEE---EEEEEE-
VDGDQCESNPCLNGGSCKDDINSYECWCPFGFEGKNCEL,---------------EEEE----EEEE------------
FNKEQQNAFYEILHLPNLNEEQRNGFIQSLKDDPSQSANLLAE,----HHHHHHHHH-------HHHHHHHHHHHH-----------
SLEEVAERVKPFLREAGLSWESEAYLRRAVELMRPRFDTLKEFPEKAR,-HHHHHHH-HHHHHH-------HHHHHHHHHHHHHH---HHHHHHH-H
LSAEDKAAVERSKMIDRNLREDGEKAAR,-----HHHHHHHHHHHHHHHHHHHH---
DVTKMPNNGRVIFGATVTVLNLDSDEEQTYRIVGDDEADFKQNLISVNSPIARGLIGKEEDDVVVIVEFEVIKVEYL,-HHH-----E-----EEEEEE----EEEEEEEE-----EHHH-EEE---HHHHHH---E---EE----EEEEEEE--
CSLDNGDCDQFCHEEQNSVVCSCARGYTLADNGKACIPTGPYPCGKQTLER,----HHH---EEEEE--EEEEE----EEE------EEE-------------
AVVKVPLKKFKSIRETMKEKGLLGEFLRTHKYDPAWKYRFGDL,--EEEEEEE---HHHHHHH---HHHHH------HHHHH-----
AASERKALQTEMARIKKWLTFSLG,--HHHHHHHHHHHHHHHHHHHH--
NKSKAVEQVKNAFNKLQEKGIYKAMSEFDIFINYIEAYMTMKIRN,---HHHHHHHHHHHHH-HHHHHHHHH-HHHHHHHHHHHHHHHH--
GTNAAMRKAFNYQDTAKNGKKCSGCAQFVPGASPTAAGGCKVIPGDNQIAPGGYCDAFIVKK,---HHHHHH---E---E--E-HHHE--EE--------EEE--------E----E-----E--
GQRWELALGRFWDYLRWVQTLSEQVQEELLSSQVTQELRALMDETMKELKAYKSELEEQLTPVAEETRARLSKELQAAQARLGADMEDVCGRLVQYRGEVQAMLGQSTEELRVRLASHLRKLRKRLLRDADDLQKRLAVYQAGA,--HHHHHHHHHHHHHHHHH---HHHHHHHH--HHHHHHHHHHHHHHHHHHHHHHHH--------HHHHHHHHHHHHHHHHHHHHHHHHHHHHHHHHHHHHH-------HHHHHHHHHHHHHHHHHHHHHHHHHHHHHHHH----
RICPRIWMECTRDSDCMAKCICVAGHCG,--EE----E---HHH------EE--EE-
GADDVVDSSKSFVMENFSSYHGTKPGYVDSIQKGIQKPKSGTQGNYDDDWKGFYSTDNKYDAAGYSVDNENPLSGKAGGVVKVTYPGLTKVLALKVDNAETIKKELGLSLTEPLMEQVGTEEFIKRFGDGASRVVLSLPFAEGSSSVEYINNWEQAKALSVELEINFETRGKRGQDAMYEYMAQACA,-HHH-EEEEEEEEEE--EEEEEE------HHHH--------------HHH--EEEE--HHHHH---E---------E-EEEEEE---EEEEEEE----HHHHHHH--------HHHH---HHHHHHH-----EEEEEEE-------EEEEE---HHHH-EEEEEEE-HHH-----HHHHHHHHH---
KSCCSCCPVGCAKCSQGCICKEASDKCSCCA,-------------------------------
GKFAIRPDKKSSPVIKTVKSVGMIAGGTGITPMLQVIRAIMKDPDDHTVCHLLFANQTEKDILLRPELEELRNEHSARFKLWYTVDRAPEAWDYSQGFVNEEMIRDHLPPPEEEPLVLMCGPPPMIQYACLPNLERVGHPKERCFAF,-EEEE------EEE-----EEEEEEEHHHHHHHHHHHHHHHH------EEEEEEEEEEHHH----------HHHH---EEEEEEEEE-------EE-----HHHHHH---HHH--EEE-----HHH-----HHHHH----HHHEE--
LAAVSVDCSEYPKPACPKDYRPVCGSDNKTYSNKCNFCNAVVESNGTLTLNHFGKC,---EEE----------------EEE----EE--HHHHHHHHHH------EEEE---
MTYKLILNGKTLKGETTTEAVDAATAEKVFKQYANDNGVDGEWTYDDATKTFTVTE,-EEEEEEE----EEEEEEE---HHHHHHHHHHHHHH-----EEEEE----EEEEE-
LPAEKLRLDSAMSSAADIEAFKQRYEAQDLQPLSTYLKQFGLDD,--------------HHHHHHHHHH--------HHHHHHH-----
GPSQPTYPGDDAPVEDLIRFYDNLQQYLNVVTRHRY,-------------HHHHHHHHHHHHHHHHHH-----
STLPRFDSVDLGNAPVPADAARRFEELAAKAGTGEAWETAEQIPVGTLFNEDV,-------------------HHHHHHHHHHHH-----EE-----EE-----HHH
MTKQEKTALNMARFIRSQTLTLLEKLNELADAADEQADICESLHDHADELYRSCLARFGDD,--HHHHHHHHHHHHHHHHHHHHHHHHHH-HHHHHHHHHHHHHHHHHHHHHHHHHHHHH---
KGLTYTMCDKTKFTWKRAPTDSGHDTVVMEVTFSGTKPCRIPVRAVAHGSPDVNVAMLITPNPTIENNGGGFIEMQLPPGDNIIYVGELSHQWFQK,------E-----EEEEEEEEE-----EEEEEEE-----EE--EEEEE--E------EE-----EEE--EE-EEEEE---EEEEEEE--EEEEEEE-
SESSKPCCDQCSCTKSMPPKCRCSDIRNDFCYEPCK,----------EEEE------EEE-------------
TIACPHKGCTKMFRDNSAMRKHLHTHG,-EE--------EE--HHHHHHHHHHH-
MQIFVKTLTGKTITLEVEPSDTIENVKAKIQDKEGIPPDQQRLIFAGKQLEDGRTLSDYNIQKESTLHLVLRLRGG,-EEEEEE----EEEEE-----EHHHHHHHHHHHH---HHHEEEEE--EE-----E-HHH------EEEEEE-----
DFVVIKAVEDGVNVIGLTRGTDTKFHHSEKLDKGEVIIAQFTEHTSAIKVRGEALIQTAYGEMKSEK,-EEEEEE----EEEEEEE------EEEEEEE----EEEEE----EEEEEEE--EEEEE--EEEEE--
DTASDAAAAAALTAANAKAAAELTAANAAAAAAATAR,-HHHHHHHHHHHHHHHHHHHHHHHHHHHHHHHHHHH-
PFVTTIVGLYGLCLQANSGQVWIEDCSSEKAEQQWALYADGSIRPQQNRDNCLTSDSNIRETVVKILSCGPASSGQRWMFKNDGTILNLYSGLVLDVRASDPSLKQIILYPLHGDPNQIWLPLF,-EEEEEE-HHH-EEEEE--EEEEE----------EEE-----EEE-----EEEEE--------EEEEE----------EE-----EE------EEEEHHH-HHH--EEEE-----HHH--EEE-
DACEQAAIQCVESACESLCTEGEDRTGCYMYIYSNCPPYV,-HHHHHHH---HHHHHHH----HHHHHHHHHHHHH-----
MDPNCSCAAGDSCTCAGSCKCKECKCTSCK,--------------------------HHH-
GIGAVLKVLTTGLPALISWIKRKRQQ,-HHHHHHHHHHHHHHHHHHHHHHHH-
SISSRVKSKRIQLGLNQAELAQKVGTTQQSIEQLENGKTKRPRFLPELASALGVSVDWLLNGT,-HHHHHHHHHHHH---HHHHHHHH---HHHHHHHH---------HHHHHHH----HHHHH---
RPDFCLEPPYTGPCKARIIRYFYNAKAGLCQTFVYGGCRAKRNNFKSAEDCMRTCGGA,---HHH-------E---EEEEEEE----EEEEEEE---------E--HHHHHHHH---
AVKYYTLEEIQKHNNSKSTWLILHYKVYDLTKFLEEHPGGEEVLREQAGGDATENFEDVGHSTDARELSKTFIIGELHPDDRSKI,---EE-HHHH---EE--EEEEEE--EEEE------------HHHH-----E-HHHHHH----HHHHHHH---EEEEE-HHHHHH-
DSVEAYATMLRNIFDFNALKELLSGPNRLKIRIDAMHGVVGPYVKKILCEELGAPANSAVNCVPLEDFGGHHPDPNLTYAADLVETMKSGEHDFGAAFDGDGDRNMILGKHGFF,---HHHHHHHHHH--HHHHHHHHH------EEEE------HHHHHHHH-------HHHEE-------HHH----------HHHHHHHH-----EEEEE-----EEEEEEHHH-E
SWMEEVIKLCGRELVRAQIAICGMS,-HHH-EE---HHHHHHHHHHHHHH-
CRCGEQGSNMECPNNLCCSQYGYCGMGGDYCGKGCQNGACWTSKRCGSQAGGATCPNNHCCSQYGHCGFGAEYCGAGCQGGPCRADIKCGSQSGGKLCPNNLCCSQWGFCGLGSEFCGGGCQSGACSTDKPCGKDAGGRVCTNNYCCSKWGSCGIGPGYCGAGCQSGGCDA,---EHHH--E--HHH-EE-----EE--HHHH-------------E-HHHH-----HHH-EE----EEE--HHHH-----E-------E-EHHH--E--HHH-EE----EEE--HHHH---------------EHHH--E--HHH-EE-----EE--HHHH-----E-----
PTAAAIAYGLDKKVGAERNVLIFDLGGGTFDVSILTIEDGIFEVKSTAGDTHLGGEDFDNRMVNHFIAEFKRKHKKDISENKRAVRRLRTACERAKRTLSSSTQASIEIDSLYEGIDFYTSITRARFEELNADLFRGTLDPVEKALRDAKLDKSQIHDIVLVGGSTRIPKIQKLLQDFFNGKELNKSINP,HHHHHHH----------EEEEEEEE----EEEEEEEEE--EEEEEEEEEE----HHHHHHHHHHHHHHHHHHHH-------HHHHHHHHHHHHHHHHH-----EEEEEEEEEE--EEEEEEEEHHHHHHH-HHHHHH-HHHHHHHHHHH---HHH--EEEEE-HHHH-HHHHHHHHHH------E-----
TPAKIIDDAVARIREQVGDDKVILGLSGGVDSSVTAMLLHRAIGKNLTCVFVDNGLLRLNEAEQVLDMFGDHFGLNIVHVPAEDRFLSALAGENDPEAKRKIIGRVFVEVFDEEALKLEDVKWLAQGTIYPDVIEMKMGLVEPLKELFKDEVRKIGLELGLPYDMLYRHPFPGPGLGV,-HHHHHHHHHHHHHHHH---EEEEE----HHHHHHHHHHHHHHHHHEEEEEEE-------HHHHHHHHHH-----EEEEEE-HHHHHHHH-----HHHHHHHHHHHHHHHHHHHHHH---EEEEE----HHHHH----EEE-------HHHHHHHHHH----HHHH--------HHHH
REPRGLGPLQIWQTDFTLEPRAPRSWLAVTVDTASSAIVVTQHGRVTSVAAQHHWATAIAVLGRPKAIKTDNGSCFTSKSTREWLARWGIAHTTGIPGNSQGQAVERANRLLKDKIRVLAEGDGFKRIPTSKQGELLAKAYALNHFER,----------EEEEEEEE-------EEEEEEE-----EEEEEE----HHHHHHHHHHHHHHH----EEE----HHHH-HHHHHHHHHH--EEE------------HHHHHHHHHHHHHHHHH-------HHHHHHHHHH---------
LSADQISTVQASFDKVKGDPVGILYAVFKADPSIMAKFTQFAGKDLESIKGTAPFETHANRIVGFFSKIIGELPNIEADVNTFVASHKPRGVTHDQLNNFRAGFVSYMKAHTDFAGAEAAWGATLDTFFGMIFSKM,--HHHHHHHHHHHH-----HHHHHHHHHHH-HHHH----------HHHH---HHHHHHHHHHHHHHHHHHH-----HHHHHHHHHHHHHH---HHHHHHHHHHHHHHHHHH--HHHHHHHHHHHHHHHHHHHHHH-
VRSEKDSMGAIDVPADKLWGAQTQRSLEHFRISTEKMPTSLIHALALTKRAAAKVNEDLGLLSEEKASAIRQAADEVLAGQHDDEFPLAIWQTGSGTQSNMNMNEVLANRASELLGGVRGMERKVHPNDDVNKSQS,EEEEEE--EEEEEE------HHHHHHHHH------E--HHHHHHHHHHHHHHHHHHHH-----HHHHHHHHHHHHHHH----HHH---E-------HHHHHHHHHHHHHHHHHH----------------------
KEDEIVIDRKKISADQVDQEVERFLSGRAKASAQLETIKTKAGETFGEEKEAIFEGHIMLLEDEELEQEIIALIKDKHMTADAAAHEVIEGQASALEELDDEYLKERAADVRDIGKRLLRNILGLKII,----------E-----HHHHHHHHHHHHHHHHHHHHHHHHHHHH--HHHHHHHHHHHHHHH--HHHHHHHHHHHH---E-HHHHHHHHHHHHHHHH-----HHHHHHHHHHHHHHHHHHHHHH-----
WGYDDKNGPEQWSKLYPIANGNNQSPVDIKTSETKHDTSLKPISVSYNPATAKEIINVGHSFHVNFEDNQDRSVLKGGPFSDSYRLFQFHFHWGSTNEHGSEHTVDGVKYSAELHVAHWNSAKYSSLAEAASKADGLAVIGVLMKVGEANPKLQKVLDALQAIKTKGKRAPFTNFDPSTLLPSSLDFWTYPGSLTHPPLYESVTWIICKESISVSSEQLAQFRSLLSNVEGDNAVPMQHNNRPTQPLKGRTVRASF,--------HHHHHH--HHHH-------EE-----EE----EEEEEE--HHHEEEEEE----EEEEE-------EEEEE-----EEEEEEEEEE----------EE--EE--EEEEEEEEE------HHHH------EEEEEEEEEE----HHHHHHHHHHHH------EEE-----HHHH------EEEEEE----------EEEEEE---EEE-HHHHHHH---E---------E----------------EE--
KVFGRCELAAAMKRHGLDNYRGYSLGNWVCAAKFESNFNTQATNRNTDGSTDYGILQINSRWWCNDGRTPGSRNLCNIPCSALLSSDITASVNCAKKIVSDGNGMNAWVAWRNRCKGTDVQAWIRGCRL,-E--HHHHHHHHHH-----E--E-HHHHHHHHHHHH--E---EEE-----EEE----EE-----E-------------EHHHHH----HHHHHHHHHH-----HHHH-HHHHHH-----HHHH------
SVSSIVSRAQFDRMLLHRNDGACQAKGFYTYDAFVAAAAAFSGFGTTGSADVQKREVAAFLAQTSHETTGGWATAPDGAFAWGYCFKQERGASSDYCTPSAQWPCAPGKRYYGRGPIQLSHNYNYGPAGRAIGVDLLANPDLVATDATVSFKTAMWFWMTAQPPKPSSHAVIVGQWSPSGADRAAGRVPGFGVITNIINGGIECGHGQDSRVADRIGFYKRYCDILGVGYGNNLDCYSQRPFA,-HHH---HHHHHHH----------------HHHHHHHH-----------HHHHHHHHHHHHHHHHHH-----------HHH------E-------------------------E----E--HHHHHHHHHHH---------HHHH-HHHHHHHHHHHHH--E--E--HHHHH-------HHHHH------HHHHHHHHHHHHH------HHHHHHHHHHHHHHHHH-----------------
PPGDINTQPSQKIVFNAPYDDKHTYHIKITNAGGRRIGWAIKTTNMRRLSVDPPCGVLDPKEKVLMAVSCDTFNAATEDLNNDRITIEWTNTPDGAAKQFRREWFQGDGMVRRKNLPIEYNL,----EEEE----EEEE------EE--EEEEE-----EEEEEEE-----EE----EEEE----EEEE--EE-------------EEEEEEEE----------HHH-------EEEEEEEEEE-
GLQDDPDLQALLKGSQLLKVKSSSWRRERFYKLQEDCKTIWQESRKVMRSPESQLFSIEDIQEVRMGHRTEGLEKFARDIPEDRCFSIVFKDQRNTLDLIAPSPADAQHWVQGLRKIIH,-----HHHHHHHH-EEEEEE-----EEEEEEEE-----EEEE------------EEEHHHEEEEEE----HHHHHH-----HHHEEEEEE------EEEE---HHHHHHHHHHHHHHH-
TTKDVIQKGISVVGDLLGVVGFPFGGALVSFYTNFLNTIWPSEDPWKAFMEQVEALMDQKIADYAKNKALAELQGLQNNVEDYVSALSSWQKNPVSSRNPHSQGRIRELFSQAESHFRNSMPSFAISGYEVLFLTTYAQAANTHLFLLKDAQIYGEEWGYEKEDIAEFYKRQLKLTQEYTDHCVKWYNVGLDKLRGSSYESWVNFNRYRREMTLTVLDLIALFPLYDVR,--HHHHHHHHHHHHHH----E---HHHHHHHHHHHHHH----HHHHHHHHHHHHHHH-----HHHHHHHHHHHHHHHHHHHHHHHHHHHHHH-------HHHHHHHHHHHHHHHHHHHHHHHHH---------HHHHHHHHHHHHHHHHHHHHH-------HHHHHHHHHHHHHHHHHHHHHHHHHHHHHHHH-----HHHHHHHHHHHHHHHHH-HHHH--HHHH---
ILVIRKGWLTINNIGIMKGGSKEYWFVLTAENLSWYKDDEEKEKKYMLSVDNLKLRDVEKGFMSSKHIFALFNTEQRNVYKDYRQLELACETQEEVDSWKASFLRAGVYPERV,--EEEEEEEEE-----------EEEEEEE--EEEEE-------EEEEEE---EEEE----------EEEEEEE------E--E--EEEEE--HHHHHHHHHHHH----EE---
GFPIPDPYCWDISFRTFYTIVIDDEHKTLFNGILLLSQADNADHLNELRRCTGKHFLNEQQLMQASQYAGYAEHKKAHDDFIHKLDTWDGDVTYAKNWLVNHIKTIDFKYRGKI,-----------HHH-----E--HHHHHHHHHHHHHHHH---HHHHHHHHHHHHHHHHHHHHHHHH-----HHHHHHHHHHHHHHHH-----HHHHHHHHHHHHHH-HHHH----
CAYCVTEPGAGSDVAGIKTKAEKKGDEYIINGQKMWITNGGKANWYFLLARSDPDPKAPASKAFTGFIVEADTPGVQIGRKEINMGQRCSDTRGIVFEDVRVPKENVLTGE,EEEE--E--E---HHH---EEEE---EEEEEEEEEEEE------EEEEEEE--------HHHHEEEEEEE-----EEEEEE--E-------EEEEEEEEEEEEHHHE----
SFPKDPEIHLSGPLEAGKPITVKCSVADVYPFDRLEIDLLKGDHLMKSQEFLEDADRKSLETKSLEVTFTPVIEDIGKVLVCRAKLHIDEMDSVPTVRQAVKELQVYISP,E-----EEEE---EE----EEEEEEEEEEE-HHHEEEEEEE--EEEEEEE----------EEEEEEEEE---HHH---EEEEEEEE----------EEEEEEE--EE---
APAFSVSPASGASDGQSVSVSVAAAGETYYIAQCAPVGGQDACNPATATSFTTDASGAASFSFTVRKSYAGQTPSGTPVGSVDCATDACNLGAGNSGLNLGHVALTFG,--EEEEE---------EEEEEEE----EEEEEEE-EE--EE--------EEE-------EEEEE---EEEEE-----EEEEEE------EEEEE--------------
GAPVPVDENDEGLQRALQFAMAEYNRASNDKYSSRVVRVISAKRQLVSGIKYILQVEIGRTTCPKSSGDLQSCEFHDEPEMAKYTTCTFVVYSIPWLNQIKLLESKCQ,---EE-----HHHHHHHHHH-HHHH------EEEEEEEEEEEEEEE---EEEEEEEEEEEEEEE-----HHHHHHHH------EEEEEEEEEEE----EEEEEEEEE-
NSCTHFPGNLPNMLRDLRDAFSRVKTFFQMKDQLDNLLLKESLLEDFKGYLGCQALSEMIQFYLEEVMPQAENQDPDIKAHVNSLGENLKTLRLRLRRCHRFLPCE,---------HHHHHHHHHHHHHHHHHHHHHH---------HHHHHHHH---HHHHHHHHHHHHHH--HHHH----HHHHHHHHHHHHHHHHHHHHHHH-----HHH
PWPGAPVGGEEANREIKRVGGPPEFSFPPLDHVALMEKNGWWEPRISQVSGSRSYALKGDLALYELALLRFAMDFMARRGFLPMTLPSYAREKAFLGTGHFPAYRDQVWAIAETDLYLTGTAEVVLNALHSGEILPYEALPLRYAGYAPAFRSEAGSFGKDVRGLMRVHQFHKVEQYVLTEASLEASDRAFQELLENAEEILRLLELPYRLVEVATGDMGPGKWRQVDIEVYLPSEGRYRETHSCSALLDWQARRANLRYRDPEGRVRYAYTLNNTALATPRILAMLLENHQLQDGRVRVPQALIPYMGKEVLEPCG,---------HHH-EEEEEE------------HHHHHHHH--E---HHHHH------EE-HHHHHHHHHHHHHHHHHHH---EEEE---EEEHHHHHHH------HHH--EE----EEE----HHHHHH-----EEEHHH--EEEEEEEEEE------------------EEEEEEEEEEE---HHHHHHHHHHHHHHHHHHHHH----EEEEE--HHHH-----EEEEEEEEE----EEEEEEEEEEEE-HHHHHH--EEE-----EEE-EEEEEEEEEE-HHHHHHHHHHE-----EE--HHHHHHH---EE----
AHGDLKSYLRSLRPEAENNPGRPPPTLQEMIQMAAEIADGMAYLNAKKFVHRDLAARNCMVAHDFTVKIGDFGMTRDIYETDYYRKGGKGLLPVRWMAPESLKDGVFTTSSDMWSFGVVLWEITSLAEQPYQGLSNEQVLKFVMDGGYLDQPDNCPERVTDLMRMCWQFNPKMRPTFLEIVNLLKDDLHPSFPEVSFFHSEENK,---EHHHHHHH---------------HHHHHHHHHHHHHHHHHHHH---------HHHEEE-----EEE----------HHH-EEHHH--EE-HHH--HHHHHH----HHHHHHHHHHHHHHHHH----------HHHHHHHHH------------HHHHHHHHHH----HHH---HHHHHHHHHHH----HHHH---------
IVQDVPNAPKLTGITCQADKAEIHWEQQGDNRSPILHYTIQFNTSFTPASWDAAYEKVPNTDSSFVVQMSPWANYTFRVIAFNKIGASPPSAHSDSCTTQP,---------EEEEEEE---EEEEEEE----------EEEEEEEE-------EEEEEEEE----EEEEE----EEEEEEEEEEE--EE---------EEE--
ANIVGGIEYSINNASLCSVGFSVTRGATKGFVTAGHCGTVNATARIGGAVVGTFAARVFPGNDRAWVSLTSAQTLLPRVANGSSFVTVRGSTEAAVGAAVCRSGRTTGYQCGTITAKNVTANYAEGAVRGLTQGNACMGRGDSGGSWITSAGQAQGVMSGGNVQSNGNNCGIPASQRSSLFERLQPILSQYGLSLVTG,-EEEE--EEEE---EEEE--EEEEE--EEEEEE-HHH-----EEEE--EEEEEEEEEE--E--EEEEEE----EEEEEEEE--EEEE--E--------EEEEEE---EEEEEEEEEEEEEEEE--EEEEEEEEE----E------EEE----EEEEEEEEE------E-----HHH--EEEEEHHHHHHHH--EE---
MMSGAPSATQPATAETQHIADQVRSQLEEKYNKKFPVFKAVSFKSQVVAGTNYFIKVHVGDEDFVHLRVFQSLPHENKPLTLSNYQTNKAKHDELTYF,--E------EE--HHHHHHHH--HHHHHHHH-------EEEEEEEEE--EEEEEEEEE-----EEEEEEEEE-HHH----EEEEEEEEE---------
QCKTIAHVLRVNNGQELHVWETPPKENVPFKNNTILIASGFARRMDHFAGLAEYLSTNGFHVFRYDSLHHEFTMTTGKNSLCTVYHWLQTKGTQNIGLIAASLSARVAYEVISDLELSFLITAVGVVNLRDTLEKALGFDYLSLPIDELPNDLDFEGHKLGSEVFVRDCFEHHWDTLDSTLDKVANTSVPLIAFTANNDDWVKQEEVYDMLAHIRTGHCKLYSLLGSSHDLGENLVVLRNFYQSVTKAAIAMDGGSLEIDVDFIEPDFEQLTIATVNERRLKAEIENRTPEMA,----EEEEEEE---EEEEEEEE-----------EEEEE----HHHHHHHHHHHHHH-----EEEE---E----HHHHHHHHHHHHHHHHH-----EEEEEEHHHHHHHHHH-------EEEEE-----HHHHHHHHH---HHH--HHH---EEEE--EEEEHHHHHHHHHH-----HHHHHHHHH-----EEEEEE-------HHHHHHHH-------EEEEEE----------HHHHHHHHHHHHHHHHHHH--------------HHHHHHHHHHHHHHHHHHHH--EEE-
NLRGVMAALLTPFDQQQALDKASLRRLVQFNIQQGIDGLYVGGSTGEAFVQSLSEREQVLEIVAEEGKGKIKLIAHVGCVTTAESQQLAASAKRYGFDAVSAVTPFYYPFSFEEHCDHYRAIIDSADGLPMVVYNIPALSGVKLTLDQINTLVTLPGVGALKQTSGDLYQMEQIRREHPDLVLYNGYDEIFASGLLAGADGGIGSTYNIMGWRYQGIVKALKEGDIQTAQKLQTECNKVIDLLIKTGVFRGLKTVLHYMDVVSVPLCRKPFGPVDEKYQPELKALAQQLMQ,----EEEE----E-----E-HHHHHHHHHHHHH----EEEE------HHH--HHHHHHHHHHHHHHH----EEEEE-----HHHHHHHHHHHHHH---EEEEE--------HHHHHHHHHHHHHH-----EEEEE-HHHH-----HHHHHHHH----EEEEEE----HHHHHHHHHH----EEEE--HHHHHHHHHH---EEEE--HHHHHHHHHHHHHHHH---HHHHHHHHHHHHHHHHHHHHH-HHHHHHHHHHH-----------------HHHHHHHHHHHHHH--
MRRYEVNIVLNPNLDQSQLALEKEIIQRALENYGARVEKVEELGLRRLAYPIAKDPQGYFLWYQVEMPEDRVNDLARELRIRDNVRRVMVVKSQEPF,-EEEEEEEEE-----HHHHHHHHHHHHHHHHH---EEEEEEEEEEEEEEEEE--EEEEEEEEEEEEE-HHHHHHHHHHH-----EEEEEEEE-----
NDSPFYVNPNMSSAEWVRNNPNDPRTPVIRDRIASVPQGTWFAHHNPGQITGQVDALMSAAQAAGKIPILVVYNAPGRDCGNHSSGGAPSHSAYRSWIDEFAAGLKNRPAYIIVEPDLISLMSSCMQHVQQEVLETMAYAGKALKAGSSQARIYFDAGHSAWHSPAQMASWLQQADISNSAHGIATNTSNYRWTADEVAYAKAVLSAIGNPSLRAVIDTSRNGNGPAGNEWCDPSGRAIGTPSTTNTGDPMIDAFLWIKLPGEADGCIAGAGQFVPQAAYEMAIAA,----E------HHHHHHHH------HHHHHHH-----E-EEE----HHHHHHHHHHHHHHHHHH--E-EEEE------------------HHHHHHHHHHHHH-------EEEE---HHHHH----HHHHHHHHHHHHHHHHHHHHH----EEEEE--------HHHHHHHHHH--HHHH--EEEE-------HHHHHHHHHHHHHHH-----EEEEE-------------------------E-------EEEEEE-----E----------E-HHHHHHHHH--
TTKANIKLFSFTEVNDTNPLNNLNFTLKNSGKPLVDMVVLFSANINYDAANDKVFVSNNPNVQHLLTNRAKYLKPLQDKGIKVILSILGNHDRSGIANLSTARAKAFAQELKNTCDLYNLDGVFFDDEYSAYQTPPPSGFVTPSNNAAARLAYETKQAMPNKLVTVYVYSRTSSFPTAVDGVNAGSYVDYAIHDYGGSYDLATNYPGLAKSGMVMSSQEFNQGRYATAQALRNIVTKGYGGHMIFAMDPNRSNFTSGQLPALKLIAKELYGDELVYSNTPYSKDW,------EEEEEEE-----HHHHHHEEE-----E---EEEEEEEEEEEE----EEEEE--HHHHHHHH-HHHH-HHHHH---EEEEEEE----------E-HHHHHHHHHHHHHHHHHH---EEEEE-------------E----HHHHHHHHHHHHHH----EEEEEE-HHH------E--E-HHH---EEEE----------------HHHEEEEEEE----E---HHHHHHHHHH---EEEEE------------HHHHHHHHHHHHH---EEE---------
TANDMNRNVLCTSNPYESQLHAEAYEWAKKISEHLLPRTEPILGQTYLPRKFKTTVVIPPQNDIDLHANDMNFVAIAENGKLVGFNLLVGGGLSIEHGNKKTYARTASEFGYLPLEHTLAVAEAVVTTQRDWGNRTDRKNAKTKYTLERVGVETFKAEVERRAGIKFEPIRPYEFTGRG,-----E---EE------HHHHHHHHHHHHHHHHHH----------------E-EEEE---E----HHH--EEEEEEEE--EEEEEEEEE--E------------E--EEEEEEEHHHHHHHHHHHHHHHHHH----------HHHHHHHH-HHHHHHHHHHHH----E--------E--
VSEIKTLVTFFGGTGDLAKRKLYPSVFNLYKKGYLQKHFAIVGTARQALNDDEFKQLVRDCIKDFTDDQAQAEAFIEHFSYRAHDVTDAASYAVLKEAIEEAADKFDIDGNRIFYMSVAPRFFGTIAKYLKSEGLLADTGYNRLMIEKPFGTSYDTAAELQNDLENAFDDNQLFRID,-----EEEEEE----HHHHH-HHHHHHHHHH-------EEEEEEE-----HHHHHHHHHHHHHHH---HHHHHHHH--EEEEE-----HHHHHHHHHHHHHHHHHH-----EEEEE---HHHHHHHHHHHHH---------EEEEE-------HHHHHHHHHHHHHH--HHHEEE--
INVKEVRLSPTIEEHDFNTKLRNARKFLEKGDKVKATIRFKGRAITHKEIGQRVLDRLSEACADIAVVETAPKMDGRNMFLVLAPKND,--EEEEEE-----HHHHHHHHHHHHHHHH---EEEEEEE-------HHHHHHHHHHHHHHH----EEEEEEEEEE--EEEEEEEE---
SACTLQSETHPPLTWQKCSSGGTCTQQTGSVVIDANWRWTHATNSSTNCYDGNTWSSTLCPDNETCAKNCCLDGAAYASTYGVTTSGNSLSIGFVTQSAQKNVGARLYLMASDTTYQEFTLLGNEFSFDVDVSQLPCGLNGALYFVSMDADGGVSKYPTNTAGAKYGTGYCDSQCPRDLKFINGQANVEGWEPSSNNANTGIGGHGSCCSEMDIWEANSISEALTPHPCTTVGQEICEGDGCGGTYSDNRYGGTCDPDGCDWNPYRLGNTSFYGPGSSFTLDTTKKLTVVTQFETSGAINRYYVQNGVTFQQPNAELGSYSGNELNDDYCTAEEAEFGGSSFSDKGGLTQFKKATSGGMVLVMSLWDDYYANMLWLDSTYPTNETSSTPGAVRGSCSTSSGVPAQVESQSPNAKVTFSNIKFGPIGSTGNPSG,EE---------EEEEEEE-----EEEEEEEEEE-HHH--EEE-----E-EE--EE-------HHHHHHHEEE----HHHHH-EEEE--EEEEE-EEE---EEE-EEEEEEEE--EE-EE----EEEEEEEE-------EEEEEEEE-----------------HHH-----E--------EE--EE-----EE-------EE--EEEE--EEEEEEE----EEEEEE-E-----EEEEHHHH------------E------E----------EE------EE----EEEEEEE-----EEEEEEE--EEEE---EEE--EEE--E-HHHHHHHHHHH---HHHH--HHHHHHHHH---EEEEEEEEE------HHHH-E------------E----------HHHHHHH----EEEEEEEEEEE---------
AQKTFKVTADSGIHARPATVLVQTASKYDADVNLEYNGKTVNLKSIMGVVSLGIAKGAEITISASGADENDALNALEETMKCEGLGE,-EEEEEE-------HHHHHHHHHHH-----EEEEEE--EEEE---HHHHH--------EEEEEEE---HHHHHHHHHHHHHHH--E-
GGGARSGDDVVAKYCNACHGTGLLNAPKVGDSAAWKTRADAKGGLDGLLAQSLSGLNAMPPKGTCADCSDDELKAAIGKMSGL,-------HHHHHH--HHHH------------HHHHHHHHHHH------HHHHHH-E--E----------HHHHHHHHHHHH--
SNDVFPTAMHVAALLALRKQLIPQLKTLTQTLNEKSRAFADIVKIGRTHLQDATPLTLGQEISGWVAMLEHNLKHIEYSLPHVAELALGGTAVGTGLNTHPEYARRVADELAVITCAPFVTAPNKFEALATCDALVQAHGALKGLAASLMKIANDVRWLASGPRCGIGEISIPENEPMPGKVNPTQCEALTMLCCQVMGNDVAINMGGASGNFELNVFRPMVIHNFLQSVRLLADGMESFNKHCAVGIEP,HHHHHHHHHHHHHHHHHHH-HHHHHHHHHHHHHHHHHH----EEEEEE--EEEEEEEHHHHHHHHHHHHHHHHHHHHHHHHHH-EE----------------HHHHHHHHHHHHH----EE---HHHHHH--HHHHHHHHHHHHHHHHHHHHHHHHHHH----------EE-------------HHHHHHHHHHHHHHHHHHHHHHHH---E--E---HHHHHHHHHHHHHHHHHHHHHHHHH-HHH-EE
AEGYQYRALYDYKKEREEDIDLHLGDILTVNKGSLVALGFSDGQEARPEEIGWLNGYNETTGERGDFPGTYVEYIGRKKISPP,-EEEEEEE---E------E--E----EEEEEHHHHH-------HHH-HHHH-EEEEEE----EEEEEEHHHEEEEEEEE----
GNCAEGVGMNYRGNVSVTRSGIECQLWRSRYPHKPEINSTTHPGADLRENFCRNPDGSITGPWCYTTSPTLRREECSVPVCG,---E------------E-----EE--------------------------------------EEEE------EEE----E--
RPAYSPGHKTQPFLHDGYAVSWNTVEDSIIRTGFQGESGHDIKITAENTPLPIAGVLLPTIPGKLDVNKSKTHISVNGRKIRMRCRAIDGDVTFCRPKSPVYVGNGVHANLHVAFHRSSSEKIHSNEISSDSIGVLGYQKTVDHTKVNSKLSLFFEIKS,------------EEE--EEEEE---HHHEEE-----EEEEEEEEEE----EEE-EEEEE-E---EEE-----EEEE--EEE-EEEEEE---EEEEEE---EEEE--E-EEEEEEEEE--------------EEEEEEEEEEE--EEEEEEEEEE-EEE-
TDKLTSLRQYTTVVADTGDIAAMKLYQPQDATTNPSLILNAAQIPEYRKLIDDAVAWAKQQSNDRAQQIVDATDKLAVNIGLEILKLVPGRISTEVDARLSYDTEASIAKAKRLIKLYNDAGISNDRILIKLASTWQGIRAAEQLEKEGINCNLTLLFSFAQARACAEAGVFLISPFVGRILDWYKANTDKKEYAPAEDPGVVSVSEIYQYYKEHGYETVVMGASFRNIGEILELAGCDRLTIAPALLKELAESEGAIERKLSYTGEVKARPARITESEFLWQHNQDPMAVDKLAEGIRKFAIDQEKLEKMIGDLL,-EHHHHH----EEEEE---HHHHHHH---EEE--HHHHHHH---HHHHHHHHHHHHHHHHH---HHHHHHHHHHHHHHHHHHHHH------EEEE--HHH---HHHHHHHHHHHHHHHHH----HHHEEEEEE--HHHHHHHHHHHH----EEEEEE--HHHHHHHHH----EEEEE-HHHHHHHHH--------HHH-HHHHHHHHHHHHHHH-----EEEEE----HHHHHH-----EEEE-HHHHHHHHH-E---------------------HHHHHHHHH--HHHHHHHHHHHHHHHHHHHHHHHHHH---
TPLVKLLGANARPVQAYDSHSLDGVKLATERAVTAAELGFRAVKTKIGYPALDQDLAVVRSIRQAVGDDFGIMVDYNQSLDVPAAIKRSQALQQEGVTWIEEPTLQHDYEGHQRIQSKLNVPVQMGENWLGPEEMFKALSIGACRLAMPDAMKIGGVTGWIRASALAQQFGIPMSSHLFQEISAHLLAATPTAHWLERLDLAGSVIEPTLTFEGGNAVIPDLPGVGII,-EHHHH-------EEEEEE----HHHHHHHHHHHHHH----EEEEE-----HHHHHHHHHHHHHHH----EEEEE------HHHHHHHHHHHHHH---EEE-------HHHHHHHHH-----EEE------HHHHHHHHH-----EE--E-----HHHHHHHHHHHHHHH---E--E--HHHHHHHHH----E--EEE-------E----EEE--EEE-----E----
MTKWNYGVFFLNFYHVGQQEPSLTMSNALETLRIIDEDTSIYDVVAFSEHHIDKSYNDETKLAPFVSLGKQIHVLATSPETVVKAAKYGMPLLFKWDDSQQKRIELLNHYQAAAAKFNVDIANVRHRLMLFVNVNDNPTQAKAELSIYLEDYLSYTQAETSIDEIINSNAAGNFDTCLHHVAEMAQGLNNKVDFLFCFESMKDQENKKSLMINFDKRVINYRKEHNLN,-----EEEEEE---------HHHHHHHHHHHHHHHHH----EEEEEEE------E-----E---EEEE--EEEEE---HHHHHHHHH----EEE-----HHHHHHHHHHHHHHHHHH--------EEEEEEEEE---HHHHHHHHHHHHHHHHHHH-----HHHHHH--EEE-HHHHHHHHHHHHHH----EEEEEE------HHHHHHHHHHHHHHHHHHHHH----
KSPEELKGIFEKYAAKEGDPNQLSKEELKLLLQTEFPSLLKGPSTLDELFEELDKNGDGEVSFEEFQVLVKKISQ,--HHHHHHHHHHHH--------E-HHHHHHHHHHH----------HHHHHHHH-------E-HHHHHHHHHHHH-
ARPCLVCSDEASGCHYGVLTCEGCKAFFKRAVEGQHNYLCKYEGKCIIDKIRRKNCPACRYRKCLQAGMNLEAR,--E------E--EEE--EEE-HHHHHHHHHHHH-------------------HHH-HHHHHHHHHH--------
PLRDSVKQALKNYFAQLNGQDVNDLYELVLAEVEQPLLDMVMQYTRGNQTRAALMMGINRGTLCKKLKKYGMN,-HHHHHHHHHHHHHHH--------HHHHHHHHHHHHHHHHHHHH----HHHHHHHH---HHHHHHHHHH----
QVQLKESGPGLVAPSQSLSITCTVSGFSLTGYGVNWVRQPPGKGLEWLGMIWGDGNTDYNSALKSRLSISKDNSKSQVFLKMNSLHTDDTARYYCARERDYRLDYWGQGTTLTVSSASTTPPSVFPLAPGSAAQTNSMVTLGCLVKGYFPEPVTVTWNSGSLSSGVHTFPAVLQSDLYTLSSSVTVPSSPRPSETVTCNVAHPASSTKVDKKIVPRDC,--EEEEE---EE-----EEEEEEEE---HHH-EEEEEEE------EEEEEE-----EEE-HHH----EEEEE----EEEEEE--------EEEEEEEE----EEEE---EEEEE-----E--EEEEE----------EEEEEEEEEEEE----EEEEHHH-E----EEEEEEE----EEEEEEEEEE---------EEEEEEHHH-EEEEEE------
TEEQIAEFKEAFSLFDKDGDGTITTKELGTVMRSLGQNPTEAELQDMINEVDADGNGTIDFPEFLTMMARKMKDTDSEEEIREAFRVFDKDGNGYISAAELRHVMTNLGEKLTDEEVDEMIREANIDGDGQVNYEEFVQMMTA,-HHHHHHHHHHHHHH------EE-HHHHHHHHHH------HHHHHHHHHHH-------EEHHHHHHHHHHHHH----HHHHHHHHHHH------EE-HHHHHHHHHH------HHHHHHHHHHH-------EEHHHHHHHH--
AKELRCQCIKTYSKPFHPKFIKELRVIESGPHCANTEIIVKLSDGRELCLDPKENWVQRVVEKFLKRAENS,-----------------HHHEEEEEEE---------EEEEEE---EEEEE----HHHHHHHHHHHHHHHH-
PAVKPMQIIEPEGKNYTITGDMIHWRNWDFHLSMNSRVGPMISTVTYNDNGTKRKVMYEGSLGGMIVPYGDPDIGWYFKAYLDSGDYGMGTLTSPIARGKDAPSNAVLLNETIADYTGVPMEIPRAIAVFERYAGPEYKHQEMGQPNVSTERRELVVRWISTVGNDYIFDWIFHENGTIGIDAGATGIEAVKGVKAKTMHDETAKDDTRYGTLIDHNIVGTTHQHIYNFRLDLDVDGENNSLVAMDPVVKPNTAGGPRTSTMQVNQYNIGNEQDAAQKFDPGTIRLLSNPNKENRMGNPVSYQIIPYAGGTHPVAKGAQFAPDEWIYHRLSFMDKQLWVTRYHPGERFPEGKYPNRSTHDTGLGQYSKDNESLDNTDAVVWMTTGTTHVARAEEWPIMPTEWVHTLLKPWNFFDETPTLGALKKDK,------EEE------EEEE--EEEE--EEEEEEEE---EEEEEEEEEEE--EEEEEEEEEEEEEEEEEE----------EE-HHHHH-----E-------------EEEEEEEE-----EEEEEEEEEEEEEEEEEEEEE-------EEEEEEEEEEEEEE-----EEEEEEEE----EEEEEEEEE---EEE----------HHHH---EEEEE--EEEE-EEEEEEEEEEE-----EEEEEEEEEEEEE--------EEEEEEEEEE-EHHHH-E------EEEEEEEEEE-----EEEEEEE---EE---E----------HHHHH-HHHH--EEEEE---------------------HHHHHH---E---EEEEEEEEEEEEE---HHH---EEEEEEEEEEEEE----------EE----
GICPRFAHVIENLLLGTPSSYETSLKEFEPDDTMKDAGMQMKKVLDSLPQTTRENIMKLTEKIVKSPLCM,---HHHHHHHHHHHH--HHHHHHHHH-----HHHHHHHHHHHHHH----HHHHHHHHHHHHHHHH-----
EFDVILKAAGANKVAVIKAVRGATGLGLKEAKDLVESAPAALKEGVSKDDAEALKKALEEAGAEVEVK,-EEEEEEE-HHHHHHHHHHHHHHH---HHHHHHHHH---EEEEEEE-HHHHHHHHHHHHHH--EEEE-
GGGILDSMVEKLGKLQYSLDYDFQNNQLLVGIIQAAELPALDMGGTSDPYVKVFLLPDKKKKFETKVHRKTLNPVFNEQFTFKVPYSELGGKTLVMAVYDFDRFSKHDIIGEFKVPMNTVDFGHVTEEWRDLQSA,-HHHHHH------EEEEEEEEE----EEEEEEEEEE------------EEEEEEEE------EE----------EEEEEEEE---HHHH---EEEEEEEE-------EEEEEEEEEHHH------EEEEEE-E--
NRERINQLLNESLMLVTALNTHIGYDKAAEIAKKAHKEGLTLKAAALALGYLSEAEFDSWVRPEQM,-HHHHHHHHHH--HHHHHHHHHH-HHHHHHHHHHHHHH---HHHHHHHH----HHHHHHH--HHH-
VFGNKGETSGTGVAFTRNPSTGEKGIYGEYLINAQGEDVVAGVRTPQPITQLENDMPDCYKQFMDLAMKLEKHFRDMQDMEFTIEEGKLYFLQTRNGKRTAPAALQIACDLVDEGMITEEEAVVRIEAKS,---------EEEEEEEE------EEEEEEEEE---HHHH-------EE---HHHH-HHHHHHHHHHHHHHHHH----EEEEEEEE--EEEEEE--E----HHHHHHHHHHHHH-----HHHHHHH--HHH
GGDLGKDLTQAWAVAMALGVEDKVTVPLFEGVQKTQTIRSASDIRDVFINAGIKGEEYDAAWNS,-HHHHHHHHHHHHHHHHH--HHHHHHHHHHHHH-------HHHHHHHHHH----HHHHHHHH--